Roll No,2022-23 1,2022-23 2,2023-24 1,2023-24 2,2023-24 3,2024-25 1,2024-25 2
220001,,,,,,,
220002,7.33,7.2,7.8,7.87,10,7.19,8.53
220003,5.96,5.45,7.22,7.35,8,6.53,6.7
220004,7.09,7.33,7.39,7.59,9,8.02,8.7
220005,6.92,6.76,6.2,8.8,7.5,8,7.68
220006,6.62,8.09,7.93,8.07,,7.33,9.43
220007,8.29,9.17,9.32,9.61,,9.71,9.6
220008,7.48,8.5,7.49,8.52,,4.56,2.85
220009,7.54,7.3,6.73,7.46,,6.37,7.81
220010,8.33,7.61,8.76,7.82,9,8.22,9.16
220011,6.98,7.3,7.1,8.07,,8.6,8.85
220012,7.28,8.52,7.37,8,,8.32,8
220013,8.02,9.44,9.42,9.92,,9.63,10
220014,8.54,9.15,9.35,9.27,9,8.46,9.47
220015,6.08,5.63,6.03,5.79,9,4.98,5.47
220016,5.12,5.92,5.16,5.67,6,5.29,3.49
220017,4.07,6.71,3.3,,0,1.93,7.2
220018,6.78,6.65,6.03,6.82,,7.5,7.98
220019,7.13,7.81,8.76,8.33,,7.7,9.56
220020,7.65,7.31,6.35,6.57,7,6.26,6.11
220021,6.15,7,6.46,6.65,,7.47,7.28
220022,6.52,6.26,4.09,6.19,6,2.16,0
220023,6.75,6.57,8.03,8.86,9,9.07,8.8
220024,9.74,9.46,9.08,9.03,,9.53,9.67
220025,7.4,5.74,6.34,6.47,6.5,6.78,5.44
220026,,,,,,,
220027,5.57,6.85,5.86,6.23,,4.59,5.44
220028,6.74,8.23,6.85,8.46,,6.83,6.12
220029,5.72,6.33,6.06,8.89,,6.73,5.53
220030,6.67,6.7,7.82,8.39,,7.06,9.13
220031,7.65,8.52,8.05,8.1,,8.03,7.79
220032,8.39,7.96,7.72,8,10,8,7.63
220033,5.39,5.45,6.35,6,6.5,6.28,6.9
220034,9.38,8.74,8.63,8.88,9,9.13,8.35
220035,7.6,7.98,8.61,8.05,,8.89,8.97
220036,5.67,6.21,5.72,6.19,6,6.25,4.85
220037,6.73,6.54,8.69,7.37,,8.39,8.13
220038,8.76,9.33,9.6,9.25,,9.44,9.62
220039,6.24,7.75,7,7.41,7,7.78,6.96
220040,9.71,9.72,10,10,,10,10
220041,7.33,8.98,7.41,7.45,8,5.31,6.5
220042,9.04,8.98,9.88,9.57,,7.61,8.35
220043,7.25,7.52,6.11,7.42,8.5,7.42,7.42
220044,6.13,6.08,7.31,8.21,8,6.67,7.76
220045,6.13,5.85,5.39,6.21,,5.1,5.82
220046,6.19,5.49,5.97,6.25,4,5.54,7.48
220047,7.25,7.39,8,7.78,,7.38,7.5
220048,6.15,6.27,6.61,6.92,8,7.49,6.95
220049,8.08,8.72,9.12,9.27,8,9,9.48
220050,7.75,8.33,8.51,7.89,,8.03,8.19
220051,7.4,7.04,6.39,7.33,8,6.77,6.02
220052,6.31,6,6.96,5.51,4,5.67,5.34
220053,8.25,8.76,9.27,9.79,,9.83,9.63
220054,7.1,8.41,8.1,8.59,10,9.06,9.15
220055,7.17,7.98,8.53,7.17,,8.27,8.12
220056,6.56,5.7,5.43,7.4,8,8.83,8.83
220057,4.78,5.33,5.48,0,,3.21,6.37
220058,6.29,5.76,5.8,8.02,,8.35,8.52
220059,6.35,6.22,6.53,5.59,6.9,5.69,7.97
220060,6.26,5.96,5.52,6.76,8.45,7.49,7.23
220061,9.74,10,9.84,10,,10,10
220062,9.21,9,6.42,6.51,9,6.96,7.22
220063,5.75,6.46,6.27,6.66,6.5,7.45,7.07
220064,9.07,8.9,9.88,9.22,,9.62,9.56
220065,7.43,8.96,8.11,8.82,,8.18,8.4
220066,7.96,8.3,8.76,9.44,10,9.13,8.7
220067,9.35,9.48,8.14,7.72,,8.23,8.32
220068,8.7,9.83,9.4,9.42,,9.62,10
220069,5.55,5.61,5.1,5.21,7.1,4.98,5.84
220070,6.43,6.38,6.24,8.02,9,7.05,8.89
220071,7.93,8.08,7.65,7.7,10,9.22,9.34
220072,6.83,7.08,6.57,5.21,7,6.2,7.63
220073,6.07,7.65,8.29,7.16,,5.5,8.5
220074,6.85,7.75,9.1,8.41,9,8.8,9.15
220075,7.4,7.9,9.14,9.07,8.4,9.25,8.34
220076,5.33,5.82,4.92,5.56,5,6.2,4.43
220077,7.43,8.38,8.3,7.78,,8,8.6
220078,8.4,7.46,6.84,,,7.33,8.1
220079,4.97,6.52,6.14,7.5,8.33,7.13,7.84
220080,,,,,,,
220081,5.87,5.2,7.45,7.84,,7.51,8.36
220082,9.54,9.72,9.14,9.17,,9.18,9.84
220083,7.3,7.79,7.62,9.19,10,9.86,8.98
220084,8.13,8.65,8.54,8.36,,8.15,8.02
220085,7.44,7.83,8.2,9.33,,8.54,8.48
220086,6.93,8.19,7.39,7.67,8,7.33,7.23
220087,6.11,7.29,8.27,8.71,,8.8,9.76
220088,7.46,7.1,8.87,8.32,,9.14,9.36
220089,5.59,7.08,7.43,7.93,,6.83,6.75
220090,6.94,7.96,7.45,8.5,10,9.27,7.14
220091,6.34,6.48,6.98,6.53,,7.07,7.22
220092,6.53,5.78,6.57,7.02,8,6,8.37
220093,5.5,5.38,6.35,6.27,6.45,5.4,8.35
220094,8.15,8.67,9.2,8.94,,9.15,9.79
220095,7.69,9.07,7.65,9.61,10,9.05,8.77
220096,6.63,6.48,7.29,7.79,8,7.29,7.85
220097,8.93,9.46,9.81,9.05,10,9.54,9.47
220098,6.09,6.23,5.05,4.57,7.5,4.02,7.29
220099,5.96,8.27,7.24,7.28,10,8.76,8.8
220100,8.65,9.1,8.6,8.3,,7.92,7.58
220101,6.81,6.43,8.52,8.3,,7.75,8.52
220102,6.11,6.62,7.66,6.84,,8.98,8.98
220103,7.19,7.5,5.74,7.27,,6.33,5.68
220104,8.04,8.13,7.94,8.67,9,6.39,7.56
220105,6.48,6.15,5.78,5.65,7.65,5.98,5.26
220106,4.52,5.62,5.87,5.67,8.2,6.31,5.62
220107,7.43,8.38,6.47,8.04,6.9,8.57,8.19
220108,5.47,7.25,8,8.25,,7.98,8.55
220109,9.02,9.58,9.74,8.26,10,8,9.58
220110,7.5,8.96,9.24,9.78,,10,9.71
220111,6.7,7.02,6.24,6.1,9,8.4,9.09
220112,6.04,6.93,7.24,7.24,8,7.63,7.67
220113,7.74,9.4,9,8.82,,8.92,8.9
220114,5.38,5.53,4.88,4.15,4,2.6,1.46
220115,5.65,7.38,5.24,5.47,7,6.5,7.72
220116,6.15,5.41,6.22,5.78,,5.64,7.66
220117,6.09,7.63,7,7.84,,7.6,7.63
220118,6.44,7.41,9,8.76,,7.87,7.38
220119,7.62,8.5,7.59,7.53,6,7.8,7.59
220120,7.1,7.83,5.18,5.72,6.55,5.98,6.1
220121,6.8,8.58,7.33,6.16,,5.78,7.16
220122,8.44,8.63,8.91,8.41,6.7,8.96,8.76
220123,7.02,5.67,6.57,7.21,8,6.67,7.28
220124,5.7,6.73,6.22,6.96,9,7.11,7.72
220125,6.73,6.02,6.91,7.05,5.35,7.05,9.05
220126,6.44,7.72,7.53,5.98,,6.82,8
220127,5.54,6.27,6.93,5.76,,5.71,7.24
220128,6.93,7.79,8.02,8,,7.82,8.13
220129,5.31,4.34,2.65,5.79,5.04,4.31,3.7
220130,7.17,7.44,6.34,6.46,8,6.6,3.86
220131,7.09,8.08,7.45,7.88,,8.89,9.11
220132,6.93,7.77,8.79,8.77,,9.52,9.47
220133,6.52,7.65,7.34,6.88,10,8.02,7.93
220134,7.7,7.96,7.44,9.14,,9,9.05
220135,7.09,6.76,5.51,6.93,9,6.07,4.16
220136,8.63,9.46,9.24,8.27,,7.27,9.36
220137,7.71,8.67,8.23,8.61,,8,7.44
220138,8,8.72,9.81,9.33,,8.63,8.83
220139,7.39,7.21,7.54,8,,8,7.19
220140,6.33,7.1,7.56,9,8,7.9,8
220141,8.02,8.33,8.54,8.4,,8.49,8.77
220142,5.92,6.7,7.81,7.49,,7.98,7.24
220143,6.08,5.45,4.31,3.29,6.5,4.02,4.64
220144,5.4,5.26,5.6,5.49,,4.27,6
220145,9.02,9.52,9.8,9.91,,9.63,10
220146,5.47,5.85,6.05,6.32,,6.1,7.66
220147,5.11,4.93,4.54,3.84,4,5.28,6.22
220148,6.35,7.98,7.88,7.69,,7.35,7.3
220149,8.38,6.94,7.62,6.96,9,6.8,8.29
220150,4.83,7.5,6.67,6,8,5.9,7.21
220151,7.54,8.13,6.51,6.83,,7.13,8.55
220152,7.76,8.85,7.98,7.8,,8,7.62
220153,7.48,9.54,8.65,8.64,,6.69,8.92
220154,5.19,5.2,5.62,4.84,7.5,6.32,5.17
220155,4.65,5.96,5.56,5.88,8,6.21,6
220156,4.72,4.62,2.67,4.4,6.92,3.53,6.58
220157,5.63,6.85,6.28,6.72,8,7.53,6.87
220158,8.15,8.88,7.65,8.45,,8.4,9.34
220159,6.4,7.24,6.97,6.82,10,7.78,7.35
220160,7.81,7.85,8.44,7.98,,7.95,6.89
220161,7.89,9.04,8.4,9,,8.74,9.68
220162,8.46,8.52,8.5,8.44,,6.56,8.21
220163,9.77,9.3,10,9.62,,10,9.4
220164,,,,,,,
220165,9.25,8.96,8.82,8.35,,8.17,9.29
220166,5.15,7.29,6.74,7.26,9,8.09,7.96
220167,7.54,7.52,7.27,7.22,,7.83,8.11
220168,6.09,6.77,6.08,5.55,7.5,6.62,6.98
220169,6.5,5.78,6.78,6.64,10,6.76,8.03
220170,8.88,8.5,7.55,8.07,,8.15,9.24
220171,7.38,7.7,8.24,7.32,,6.82,9
220172,6.58,7.72,5.56,7.98,7,8.03,7.72
220173,5.26,5,4.76,4.63,6,8.33,7.56
220174,6.89,7.73,6.88,8.7,8,9.63,7.7
220175,6.12,7.52,8.09,8.48,9,8.2,9.19
220176,6.54,7.37,6.86,5.92,7.25,6.76,9
220177,5.96,6.33,6.31,5,7.33,5.57,6.11
220178,5.67,7.48,7.56,7.86,6,7.47,9.06
220179,5.41,9.13,6.89,8.75,8.45,7.67,7.37
220180,6.44,8.3,6.37,8.89,,8.48,7.57
220181,7.07,6.28,6.59,7.12,4,6.86,7.22
220182,7.58,8.7,8.78,8.7,9,8.19,8.02
220183,6.62,5.89,5.04,6.33,7,7.07,6.58
220184,6.48,6.17,6.36,7.88,,8.61,7.57
220185,7.57,7.9,7.59,7.37,8.5,7.51,7.66
220186,5.6,5.48,4.9,4.6,5.78,3.67,3.95
220187,5.07,7.32,4.72,6.23,5.69,6.08,4.8
220188,5.7,7.48,7.24,7.76,9,7.56,8.02
220189,7.31,8.22,7.27,9.27,9,9.44,8.81
220190,6.33,7.46,6.18,6.95,8,5.89,5.32
220191,6.09,8.38,7.67,8.72,,7.82,9.67
220192,9.23,9.2,9.84,9.24,,9.55,9.36
220193,6.24,5.41,5.4,7.08,10,7.03,7.21
220194,4.33,5.46,5.27,5.9,,7.2,7.35
220195,7.15,7.28,7.51,7.43,10,8.17,8.25
220196,8.75,8.48,9.33,9.03,,8.26,9.64
220197,6.89,8.15,6.33,6.37,,6.77,4.94
220198,8.39,8.96,9.24,9.23,,8.35,9.66
220199,5.85,4.88,5.38,5,8.2,6.02,7.4
220200,4.07,7.44,6.46,6.16,6.83,7.57,6.94
220201,7.31,7.17,8.3,7.87,,6.75,8.17
220202,6.74,8.6,8.31,8.53,10,9.2,9.4
220203,,,,,,,
220204,5.5,5.64,4,5.65,3.5,3.89,5.51
220205,5.56,5.75,3.67,5.29,4.5,4.59,3.48
220206,7.96,8.74,8.25,9.3,,9.11,9.65
220207,5.96,7.24,6.27,6.3,8.5,7.54,7.68
220208,7.13,6.05,5.87,6.75,9.33,6.12,6.62
220209,9.29,9.65,9.84,10,10,9.69,10
220210,5.15,5.06,5.67,5.54,5.5,5.45,7
220211,8.13,8.6,8.87,8.88,9.55,8.87,8.88
220212,5.08,6.38,5.73,7.44,6,7.06,7.29
220213,9.48,9.58,9.46,9.49,,9.69,10
220214,6.38,6.41,7.51,7.23,,8.67,8.47
220215,7.13,7.35,8.41,9.38,9,8.85,9.2
220216,6.77,6.74,7.1,6.67,8.5,6.88,7.62
220217,6.11,5.54,5.75,7.72,9,6.92,8.85
220218,6.94,7.72,8.45,6.9,,7.84,5.17
220219,4.88,5.37,4.77,4.59,6.25,2.15,2.41
220220,6.96,7.63,6.79,7.09,,6.24,7.1
220221,6.48,5.83,4.84,5.93,8.53,5.79,7.84
220222,5.77,6.71,6.34,6.58,7,7.11,6.96
220223,6.62,5.78,5.53,4.11,5.15,4.4,5
220224,4.94,4.07,4.52,4.38,4.8,2.22,3.78
220225,7.25,8.11,8.05,7.15,10,7.87,6.98
220226,6.78,7.29,7.18,8.62,,8.43,8.68
220227,6.56,7.87,7.9,9.33,9,8.06,9.45
220228,6.87,7.24,8,8.95,,8.7,8.57
220229,7.61,8.87,8.61,8.73,9,8.1,8.45
220230,8.7,8.79,7.89,8.67,,8.69,8.58
220231,5.69,6.5,7.57,7.18,8.71,6.02,8.7
220232,8.61,9.27,9.05,9.4,,9.62,10
220233,5.24,4.76,1.02,2.93,1.6,0,0
220234,6,5.24,4.86,7.04,,6.86,7.48
220235,8.48,,9.7,9.6,9.55,8.3,9.6
220236,7.72,7.56,6.2,7.61,,8.43,8.24
220237,5.85,6.17,6.41,5.12,9.1,6.75,6.9
220238,7.73,8.15,5.83,7.89,,6.51,6.88
220239,6.15,6.67,7.2,6.93,,7.49,8.64
220240,7.21,7.83,6.2,7.33,7,6.42,7.72
220241,7.62,7.57,7.51,7.12,10,7.17,7.55
220242,8,8.13,9,8.35,8,7.19,8.56
220243,5.98,6.04,7.59,7.61,7.5,7.85,7.02
220244,7.28,5.8,7.21,6.54,8,5.91,8.78
220245,7.78,8.58,8.59,9.44,8,8.67,9.61
220246,6.52,6.83,6,6.08,7,7.4,7.85
220247,,,,,,,
220248,5.78,7.12,6.12,6.84,7.05,7,7.5
220249,7.46,8.15,7.4,6.09,,5.4,5.42
220250,9.06,9.2,8.68,8.2,,8.22,8.84
220251,8.29,8.52,9.29,8.98,10,9.37,9.78
220252,6.26,7.44,8.39,7.52,8,6.4,8.48
220253,5.75,5.2,6.37,7.19,5.9,7,7.63
220254,9.09,9.35,9.9,9.63,,9.51,8.71
220255,4.65,7.28,5.82,7.2,9.5,6.77,7.18
220256,7.04,6.63,5.34,7.33,8,6.89,6.4
220257,6.39,7.31,7.81,7.79,8,7.53,8.35
220258,9.61,9.75,9.88,9.64,10,8.73,7.4
220259,6.74,9.02,6.17,7.4,9,7.85,7.6
220260,7.21,8,7.51,7.75,,7.57,7.98
220261,8.52,9.08,9.65,9.42,10,9.68,9.81
220262,6.52,7.27,7.64,8.11,9,8.41,8.9
220263,8.52,9.15,9.07,8.87,,9.6,9.62
220264,5,5.12,5.6,5.09,7,4.43,3.32
220265,5.8,5.8,4.37,5.72,,6.63,6.06
220266,6.75,6.07,6.8,8.08,,7.6,8.69
220267,6.13,8.06,6.57,7.14,,7.88,7.75
220268,5.8,7.5,7.04,6.83,8,7.07,8.56
220269,6.25,8.41,8.42,9.24,10,8.5,9.15
220270,6.54,5.61,4.86,6.29,7,4.02,5.11
220271,6.4,6.08,5.55,7.04,7.05,6.4,8.71
220272,7.6,7.93,6.65,8.02,8,7.61,8.28
220273,7.48,6.85,7.43,6.7,,6.87,7.43
220274,6.9,6.2,6.34,8.76,,8.17,8.85
220275,7.48,8.17,7.51,7.31,,8.56,8.29
220276,7.87,9.21,8.68,9.07,,9,9.33
220277,5.44,4.63,0,4,,0,0.88
220278,5.72,4.42,6,5.85,5.83,7.67,6.72
220279,6.98,7.79,8.14,8.57,9,8.56,8.29
220280,8.46,7.22,8.29,8.53,,8.02,9
220281,7.04,5.76,4,7.03,7.5,6.02,5.27
220282,3.73,5.35,4.83,3.63,,1.25,1.7
220283,,,4.85,1.95,,5.2,5.1
220284,6.27,5.02,6.24,5.02,4,5.94,8.73
220285,9.24,10,9.84,10,,9.82,10
220286,6.72,8.83,7.82,7.91,,8.73,9.43
220287,7.35,8.67,7.3,8.96,10,9.37,8.74
220288,9.41,9.6,9.61,9.82,,9.63,10
220289,6.63,7.87,8.17,8.16,,8.09,8.14
220290,7.5,6.62,7.47,5.21,5,6.58,8.2
220291,6.34,8,8,7.91,6,7.5,8.63
220292,6.61,8.9,7.02,8.06,,8.12,9.33
220293,6.15,7.22,8.16,8.33,6.2,8.11,8.58
220294,6.17,6.52,6.19,5.84,9,6.93,6.92
220295,6.98,7.85,8.47,8.39,,8.44,8.98
220296,7.74,8.29,9,9.08,,9.43,8.49
220297,6.5,7.61,8.22,7.32,6.67,6.76,6.54
220298,5.17,6.19,6.36,5.26,6,5.62,4.31
220299,7.02,7.54,7.61,7.78,,6.28,6.65
220300,8.71,9.07,8.18,7.53,,8.82,8.17
220301,6.22,7.52,6.13,6.98,,7.89,6.93
220302,7.09,7,6.39,,,,8.92
220303,6.5,6.93,7.29,7.5,9,7.78,8.69
220304,3.45,8.25,5,4.39,0,1.26,2.87
220305,5.42,6,5.9,5.54,7,6.68,4.78
220306,5.79,5.22,5.45,6.47,9.33,7.72,8
220307,5.94,5,3.88,4.73,2,1.25,1.46
220308,6.12,6,0,0,,0,0
220309,7.92,8.98,9.09,8.47,,7.55,8.64
220310,6.23,7,5.98,4.72,4,5.35,7.06
220311,6.54,7.76,7.97,6.67,,6.4,5.76
220312,6.88,7,6.32,6.86,7,6.15,8
220313,6.1,5,4.7,4.58,5.5,2.85,5.33
220314,6.26,6.1,3.84,5.68,6.8,4.14,5.77
220315,8.75,9.3,9.78,8.71,9,7.98,8.42
220316,5.83,5.3,6.53,5.78,2.86,6.32,6.05
220317,6.24,6.54,7.51,7.29,,8.2,8.49
220318,6.47,6.85,5.8,6.5,9.05,7.04,7.13
220319,6.52,6.54,6.18,5.4,,6.16,6.1
220320,5.15,5.21,1.81,2.73,6,0.87,0.51
220321,8.2,8,9.55,8.64,,8.06,8.37
220322,6.17,6.54,6.84,6.39,,5.22,6.64
220323,6.56,5.85,7.11,8.2,8.5,6.89,6.21
220324,7.77,8.48,8.17,7.26,,7.27,8.72
220325,7.29,6.2,7.86,8.19,,6.78,6.42
220326,8.37,9.72,9.57,9.95,9,10,9.69
220327,4.93,5.35,6.29,6.13,,6.49,3.69
220328,7.62,8.13,8.33,9.1,,9.86,9.71
220329,9.35,9.65,10,9.31,,9.82,9.47
220330,6.29,6.89,7.71,7.4,10,6.84,7.92
220331,5.92,3.24,5.36,4.02,2.71,6.43,6.63
220332,6.96,5.98,4,6.88,7,1.85,2.1
220333,5.96,5.91,5.68,6,7,6.64,7.29
220334,6.46,6.72,7.72,8.09,,7.07,7.75
220335,7.3,8.31,8.86,8.98,9,9.37,9.59
220336,7.02,9.46,8.96,8.91,,7.9,9.17
220337,6.69,8,6.65,5.89,,4.46,5.69
220338,6.77,6.61,7.91,8.53,9,8.67,8.83
220339,8.15,8.35,8.73,7.37,8,6.49,7.21
220340,8.85,9.5,8.91,8.76,5,7.78,8.67
220341,9.24,9.46,9.45,8.92,,8.18,9.16
220342,6.2,6.73,6.24,6.25,,6.16,9
220343,8.37,8.24,7.1,7.81,10,6.45,7.74
220344,8.04,6.98,4.86,6.78,,0.55,4.44
220345,8.52,9.04,9.43,9.32,,9.14,9.24
220346,7,7.02,4.13,4.76,8.5,5.63,5.44
220347,6.52,5.37,6.34,6,9,4.12,5.28
220348,8.69,8.13,9,8.31,8,8.52,6.76
220349,5.21,5.18,1.47,4.38,1.73,4.26,4.02
220350,5.56,3.27,2.97,4.02,6,4.38,0.54
220351,6.59,7.17,6.46,7.6,8,7.16,8.25
220352,5.69,6.27,4.69,4.9,6.27,3.94,6.62
220353,6.22,5.59,5.75,6.83,,8.15,7.9
220354,7.46,8.79,9.14,9.22,,9.19,8.95
220355,8.13,7.63,6.97,8.12,7,7.39,8.12
220356,5.43,5.76,6,5.41,7,5.02,6.61
220357,6.93,7.85,7.59,8.1,7,7.04,9
220358,6.3,6.28,4.39,6.74,5,4.22,6.36
220359,7.87,6.91,8.73,9.77,9,8.96,8.91
220360,8.11,9.02,9.18,9.95,10,9.43,10
220361,9.74,9.75,10,9.91,,10,10
220362,6.15,6.81,6.5,6.4,7.05,6.57,8.22
220363,7.15,8.37,6.2,6.67,9,7.77,8.54
220364,7.75,8.54,7.26,7.07,9,6.61,6.81
220365,8.09,9.38,10,10,,9.78,10
220366,7.52,8.92,7.88,9.22,9,9.26,9.19
220367,7,7.87,7.91,7.29,,8.6,7.73
220368,9.76,9.5,9.49,9.06,,8.12,8.66
220369,7.76,9.1,7.69,8.6,10,6.81,7.52
220370,5.71,5.67,6.5,5.89,,6.11,6.18
220371,7.52,7.78,7.86,9.23,,9.12,9.78
220372,5.15,6.44,5.88,7.57,8,7.97,6.34
220373,5.65,6.48,6.4,7,7,6.21,7.64
220374,6.65,8.17,7.05,7.3,,8.5,8.41
220375,7.04,8.04,7.56,8,7,8.53,8.68
220376,8.74,9.27,9.02,9.25,,9.39,9.81
220377,9.21,9.61,9.25,8.84,10,9.65,9.24
220378,5.11,7.56,8.17,7.1,5,6.24,7.93
220379,6.72,7.48,7.4,8.68,,8.02,8.58
220380,5.22,5.41,5.49,5.72,3.6,3.6,5.94
220381,6.87,8.02,6.9,7.86,9,8.26,8.22
220382,5.89,5.5,4.8,5.6,6.75,5.83,5.26
220383,8.13,9.09,8.5,9.78,10,8.67,9.75
220384,5.05,6.81,7.57,7.12,,8,7.14
220385,9.2,9.54,9.26,9.72,,8.9,9.35
220386,6.37,7,5.49,8.3,8,7.98,8.85
220387,7.81,7.02,7.96,8.59,8,8.33,9.83
220388,5.39,5.2,4.88,5.08,4,4.44,5.71
220389,7.9,8.35,9.53,9.25,,9.86,9.86
220390,7.5,8.54,7.78,9.56,,9.8,9
220391,6.15,6.22,8.16,7.69,8,7.78,7.87
220392,4.56,4.35,3.18,3.79,0.62,0.69,2.88
220393,7.3,8.1,6.71,6.6,,7.12,6.34
220394,5.75,6.58,6.11,6.07,8,6.19,7.56
220395,6.24,7.94,7.26,7.43,8.5,6.65,9.38
220396,7.28,8.38,7.34,7.37,,7.85,7.6
220397,9.35,9.57,10,9.81,,9.62,9.38
220398,3.98,5.03,3.23,2.8,0,1.83,4.41
220399,5.65,7.25,7.69,7.21,,6.35,8.11
220400,5.57,7,7.12,7.58,10,8.4,9.51
220401,6,5.21,6.17,6.95,7,6.37,6.34
220402,6.57,6.79,6.67,7.34,,8.35,8.23
220403,6.15,7.46,8.06,9.52,,9.67,8.77
220404,5.38,5.46,4.6,5.73,7,5.44,6.48
220405,8.63,9.43,10,9.64,10,9.67,9.63
220406,6.13,7.63,8.59,8.37,,7.81,
220407,7.52,7.26,8.95,7.45,,8.48,8.58
220408,7.03,7.31,3.26,4.23,,4.94,4.47
220409,8.25,8.67,9.61,9.39,10,9.55,9.2
220410,6.85,8.09,7.17,6.23,6,2.96,2.9
220411,7.07,8.19,7.78,9.28,,8.67,9.85
220412,6.35,6.81,6.79,7.32,10,7.5,8.22
220413,7.43,9.21,8.98,8.69,,6.92,9.34
220414,7.1,5.47,6.55,5.98,10,6.48,4.79
220415,5.36,7.27,6.11,5.44,9,5.92,7.77
220416,9,9.5,9.2,8.47,,9.27,9.66
220417,6.46,7.2,6.93,6.78,,8.06,6.9
220418,7.04,8.02,7.51,6.98,,7.21,8.88
220419,5.94,5.57,7.05,7.51,,6.8,7.71
220420,8.3,8.44,8.78,8.85,8,8.29,9.81
220421,5.1,4.81,5.31,2.75,3.25,6,7.56
220422,5.83,6.08,5.61,6.21,8.05,7.14,6.81
220423,7.04,4.95,5.89,6.55,,7.45,6.84
220424,3.59,5.88,5.86,5.58,6.45,6.35,6.2
220425,7.2,9.58,9.46,10,10,10,9.67
220426,6.93,8.67,8.2,8.09,,8.58,7.92
220427,6.37,7.96,8,8.43,,8.8,8.44
220428,6.09,7.02,7.75,8.85,,8.19,9.24
220429,6.33,7.88,7.84,7.26,,7.04,7.69
220430,6.83,5.34,5.28,6.74,4,6.04,6.32
220431,5.91,5.07,6.08,6.5,6.9,5.02,8.02
220432,6.7,6.62,5.16,5.41,6.5,5.8,7.79
220433,6.65,6.35,5.25,7.05,,5.5,4.79
220434,7.15,7.54,7.05,6.32,8.5,7.03,7.25
220435,7.04,8.27,8.61,8.84,,8.17,9.08
220436,8.69,9.57,8.67,9.4,,8.27,8.66
220437,6.52,6.87,7.24,8.48,,8.06,7.3
220438,7.77,7.46,8.2,8.57,8,8.09,8.53
220439,7.71,8.04,7.82,8.83,,8.44,7.25
220440,6.94,7.04,5.63,6.5,6.9,6.07,7.5
220441,6.52,6.67,6.19,6.9,,7.65,7.87
220442,5.65,5.91,5.18,6.02,5.8,5.98,6.96
220443,7.2,8.33,8.1,8.6,,8.19,8.57
220444,8.44,9.15,9.11,9.21,7,9.53,9
220445,6.54,5.74,5.98,7.91,7,6.85,7.94
220446,4.75,6.33,2.85,5.76,8.53,3.04,3.08
220447,6.3,7.4,6.75,7.51,,7.67,7.64
220448,5.09,7.08,7.31,8.16,,7.22,6.9
220449,5.78,6.94,6.29,5.57,,5.75,7.44
220450,6.88,5.5,2.86,7.44,9,2.46,0
220451,5.74,3.34,4.56,2.73,5.27,0.72,4.47
220452,6.61,7.9,6.78,8.12,9,8.19,9.2
220453,6.65,7.5,7.67,7.59,7,7.42,7.97
220454,8.87,9.35,9.26,9.04,,8.27,9.03
220455,6.13,7.08,5.44,6.12,6,5.28,6.35
220456,5.74,7.56,8.14,8.44,8,7.7,8.09
220457,3.88,3.14,1.13,3.41,0,2.22,2.93
220458,7.09,7.46,5.88,7.51,,7.59,7.15
220459,6.81,6.26,7.46,5.86,6.95,7.65,8.56
220460,8.17,9.1,8.4,10,,8.63,8.77
220461,7.19,7.83,7.2,6.72,,6.21,7.6
220462,5.78,7.69,8.24,7.05,,5.82,8.39
220463,5.9,7.44,7.35,5.91,8.1,5.5,8.14
220464,7.8,8.33,7.62,8.23,,8.02,8.09
220465,6.48,8.29,8.69,7.38,,,
220466,5.83,7.5,7.49,,7,8.2,8.65
220467,6,6.75,5.04,7.65,9,7.75,8.29
220468,6.05,2.89,4.08,6.17,7,4.37,3.38
220469,2.61,3.06,3.6,4.87,4.48,5.45,5.82
220470,6,8.38,7.78,7.15,10,7.93,9.33
220471,6.33,6.09,5.89,5.94,8.1,5.51,6.98
220472,7.62,7.83,7.43,6.34,,6.9,7.23
220473,,,,,,,
220474,8,8.65,8.05,8.44,10,8,8.37
220475,6.44,5.96,6.63,7.17,8.35,6.39,7.44
220476,6.19,8.15,8.77,8.78,,8,7.63
220477,6.65,6.52,4.86,5.34,5,4.25,6.62
220478,6.87,7.65,8.24,7.03,,7.74,8.1
220479,7.67,8.26,7.41,7.75,6.45,7.26,8.4
220480,6.52,7.85,7.07,5.92,8.9,7.05,8.32
220481,7.85,8.44,7.88,8.09,8.33,7.38,8.36
220482,4.29,5.26,3.18,5.79,6,6,5.21
220483,8.06,8.46,8.71,8.43,,8.07,9.27
220484,5.83,5,5.19,6.25,,6.71,8
220485,6.13,7.69,7.02,7.12,,7.8,7.45
220486,8.33,9.25,9.45,9.47,,10,8.85
220487,5.85,7.4,8.22,8.12,10,7.63,7.98
220488,4.91,4.72,5.35,6.92,7,6.43,7.44
220489,7.87,8.35,7.2,8.54,,7.52,
220490,6.35,6.25,5.2,5.97,8.47,3.69,3.39
220491,5.47,6,2.48,4.51,0,1.75,3
220492,6.17,4.65,5.24,5.08,8.35,2.46,5.73
220493,6.46,7.46,6.59,7.44,,7.75,7.02
220494,7.27,6.28,7.11,8,9,7.46,7.51
220495,6.59,8.38,8.51,8.36,,8.48,9.24
220496,6.41,6.11,5.91,6,8.5,6.1,6.95
220497,5.83,6.85,7.96,7.52,,8.1,8.68
220498,6.72,8.08,8.02,8.93,,8.25,8.37
220499,5.9,5.69,5.84,7.24,7.9,7.34,7.47
220500,6.81,6.15,7.38,8.06,9,9.33,8.32
220501,5.98,4.89,4.71,5.47,7.5,5.33,6.88
220502,7.57,9.04,8.65,9.06,,8.85,7.78
220503,5.62,5.74,5.98,5.6,6.68,3.43,6.62
220504,8.73,7.98,7.4,7.7,,7.9,8.38
220505,8.46,8.62,8.44,9.42,,9.3,9.15
220506,5.97,5.91,7.24,7.15,,8.6,9.25
220507,7.76,7.73,8.86,8.33,,7.57,7.45
220508,5.96,6.81,6.29,7.94,,9.33,8.51
220509,5.17,7.29,6.54,7.11,,8.5,8.7
220510,8.2,8.62,7.4,7.33,,6.85,7.78
220511,5.61,5.91,6.29,6.45,6,6.28,4.82
220512,6.29,6.27,6.65,7.17,8,8.33,7.41
220513,6.5,6.94,4.53,6.25,10,5.17,5.93
220514,7.22,9.23,9.07,8.41,9,8.73,9.33
220515,6.73,5.76,6.63,6.84,,7.83,8.59
220516,5.41,6.1,5.79,7.45,,7.09,7.92
220517,5.5,5.26,6.56,5.84,9,7.24,6.38
220518,6.2,7.35,7.09,7.95,0,8.9,8.38
220519,6.26,7.83,8.22,9.02,9,9.67,8.57
220520,,,,,,,
220521,5.46,3.68,1.1,2.13,0,0.95,2.06
220522,6.54,7.41,5.57,5.94,,7.8,
220523,7.81,6.26,6.89,5.95,7.67,3.24,2.38
220524,5.17,3.77,1.67,,5.56,2.98,6.38
220525,7.44,9.35,8.89,9.1,10,9.35,9.65
220526,7.39,8.35,8.63,8.74,9,6.8,5.78
220527,5.93,6.29,6.03,6.28,8,5.95,6.78
220528,6.27,6.28,6.84,5.96,,7.5,6.85
220529,6.31,5.72,7.69,8.93,9,8.61,8.74
220530,5.07,6.35,5.4,6.48,7,6.82,8.83
220531,8.15,9.4,8.71,9.11,,9.08,9.84
220532,5.07,7.4,7.43,7.2,,7.97,8.17
220533,5.33,5.81,7.13,6.6,,8.5,8.64
220534,6,4.65,4.88,4.67,4.38,2.94,1.49
220535,8.77,8.28,8.42,8.02,,8.23,8.63
220536,4.78,6.19,5.38,4.71,5.5,3.17,2.12
220537,6.77,8.81,8.23,8.32,,7.37,9.27
220538,8.57,8.94,9.67,9.2,10,9.59,9.18
220539,5.44,5.65,5.8,6.83,8,6.63,8.16
220540,7.65,8.39,7.98,8.93,10,8.81,8.19
220541,6.07,4.51,5.62,5.23,4.5,4.26,6.17
220542,6.44,6.81,6.5,6.13,6,6.4,6.72
220543,5.83,5.9,7.21,7.47,8,8.65,8.59
220544,8.02,9.02,9.12,9.02,,9.65,10
220545,9,8.74,9.57,8.4,,7.79,9.11
220546,7.02,9.21,8.53,8.84,,7.87,8.69
220547,5.81,6.35,6.11,6,,6.65,5.7
220548,5.09,5.61,5.35,5.12,7,5.73,5.37
220549,,,,,,,
220550,6.59,6.74,7.11,8.21,9,8.83,9.15
220551,5.76,7.17,5.34,7.84,7,9.2,8.27
220552,6.87,8.67,9.61,9.52,9,7.75,7.89
220553,5.85,6.98,5.82,6.43,10,8,8.75
220554,6.54,7.38,6.31,6.84,,7.48,8.53
220555,6.15,6.13,6.24,6.02,,6.67,6.41
220556,6.33,5.75,4.7,4.29,4,3.35,6.38
220557,7.11,9.21,8.3,8.02,,6,7.45
220558,9.48,9.54,9.83,9.95,10,10,10
220559,5.65,8.37,8.97,8.77,8,7.76,8.8
220560,7.02,6.26,6.65,7.08,9,8.29,8.69
220561,6.65,7.44,8.07,8.02,9,8.79,9.14
220562,8.31,9.15,9.05,8.84,9,8.68,9.86
220563,6.22,7.98,6.8,6.16,7,1.83,5.88
220564,6.24,7.17,7.52,6.85,6,8.17,6.95
220565,3.38,4.65,5.31,2.88,8.4,4.92,3.55
220566,7.62,7.37,8.39,7.72,9,8.66,7.81
220567,7.83,8,7.59,7.48,9,7.96,8.2
220568,8.2,8.92,9.23,9.09,10,9.38,9.4
220569,3.96,4.83,2.68,3.74,0,2.89,5.07
220570,,,,,,,
220571,7.33,8.02,7.16,7.04,8,8.02,8.16
220572,8.48,8.2,8.2,7.84,,8.29,8.67
220573,9,9.42,9.23,9.32,,9.22,9.85
220574,7.39,7.48,8.66,9.18,,9.71,9.58
220575,7.77,8.37,8.05,8.09,,7.62,9
220576,6.9,6.28,5.29,5.2,7,4.79,3.7
220577,5.67,7.88,6.26,7.16,,6.29,8.44
220578,5.48,5.37,5.29,5.22,5.73,4.2,6.46
220579,7.19,7.8,6.62,7.02,10,6.33,4.98
220580,6.12,6.69,6.35,5.49,7,5.7,3.68
220581,8.06,7.9,5.84,5.58,8.67,2.48,8.3
220582,6.76,8.46,9.17,9.56,,9.46,8.65
220583,7.37,7.7,5.93,7.98,10,5.92,8.8
220584,6.33,5.3,7.23,7.02,,7.46,7.16
220585,4.75,3.28,,,,0,
220586,8.2,8.38,7.88,8.6,9,8.91,8.91
220587,5.28,7.25,6.06,6.27,6.8,4.41,6.08
220588,5.79,6.39,5.88,5.4,5.5,5.25,6.56
220589,7.22,5.98,4.88,5.76,,4.29,6.83
220590,5.19,6.07,3.73,4.94,6.5,4.86,3.04
220591,5.7,4.83,5.91,7.07,8.65,7.31,7.5
220592,5.89,5.65,5.12,4.35,,2.37,3.6
220593,6.63,6.71,7.84,8.18,,8.02,7.46
220594,7,6.76,7.32,7.47,7,8.71,8.43
220595,7.37,7.59,7.47,7.53,9,8.33,8.13
220596,7.12,6.98,6.81,7.79,10,7.72,8.93
220597,7.58,8.96,8.39,9.33,,9.56,8.87
220598,7.11,8.96,7.6,9.2,,8.98,9.32
220599,8.39,7.06,7.76,7.41,,6.59,7.83
220600,9.11,9.4,9.78,10,10,9.84,10
220601,7.24,7.48,6.82,6.76,8,7.3,7.38
220602,7.06,8.98,8.11,8.86,9,6.63,8.34
220603,6.72,6.92,6.22,6.75,9,8.52,6.62
220604,6.55,7,7.07,8,,8.48,8.51
220605,6.26,5.97,1.96,4.91,5.69,3.52,5.28
220606,4.83,5.57,4.9,3.53,2,4.39,3.75
220607,7.98,8.83,7.75,8.07,,7.62,8.6
220608,7.22,7.65,6.92,6.84,,8.79,7.56
220609,8.67,7.43,7.5,9,,8.83,9.12
220610,7.09,6.57,6.87,7.2,,7.22,6.68
220611,8.5,8.26,7.18,7.47,,8.21,8.3
220612,7.78,8.4,7.72,7.19,9,6.98,7.69
220613,6.95,8.17,7.94,9.25,,9.57,9.86
220614,6.08,6.71,6.31,7.67,6,7.28,7
220615,4.35,5.62,5.34,5.12,4,2.86,1.79
220616,7.98,7.5,7.78,8.15,9,8.83,8.68
220617,6.58,5.63,6.8,7.74,,7.54,8.3
220618,6.22,6.17,5.78,6.16,5,6.4,8.06
220619,5.96,5.61,3.98,6.2,8,5.97,4.8
220620,6.2,3.69,3.33,3.62,4,0.88,1.78
220621,6.17,5.5,5.41,6.19,7.26,6.41,6.46
220622,6.22,6.15,6.82,7.25,7.71,6.56,7.36
220623,6.28,7.19,6.86,6.95,9,6.82,7.67
220624,6.1,5.26,5.75,5.82,6,5.49,7.2
220625,6.62,6.3,6.33,6.26,8,6.65,7.27
220626,5.46,6.88,6.85,6.81,5,7.4,7
220627,7.57,7.5,9.05,8.94,,8.79,9.45
220628,5.83,3.96,3.6,3.22,6.12,2.67,4.52
220629,8.39,8.69,9.1,8.33,,8.07,8.66
220630,4.72,5.04,5.05,5.08,4,3.51,6.24
220631,5.87,7.42,7.33,6.72,,7.14,8.02
220632,6.96,7.24,7.63,7.83,,7.57,8.92
220633,6.71,6.89,6.51,7,9,5.09,7
220634,4.5,5.98,6.29,6.09,9,7.1,7.22
220635,5.51,5.96,6.42,7.21,6.53,7.47,7.86
220636,8.35,9.19,8.67,8.32,9,8.61,8.74
220637,5.62,8.15,9,9.46,,8.48,8.15
220638,6.87,9.17,8.05,8.62,,8.16,8.33
220639,7.08,7.93,8.95,9.74,10,9.5,8.77
220640,7.23,6.65,7.28,7.64,10,7.19,8.71
220641,8.4,9.33,9.6,9.63,9,,8.19
220642,6.57,7.19,4.2,4.57,,2.59,5.36
220643,6.26,7.87,7.36,7.36,5,6.76,7.53
220644,7.59,8.44,8.32,7.54,,6.77,7.39
220645,7.92,8,7.26,8,,8.86,8.74
220646,6.04,7.17,8.39,8,7,8.39,9.03
220647,5.78,7.71,7.02,6.83,,6.47,9.17
220648,3.07,2.04,,,,,
220649,6.88,7.17,7.68,7.22,,6,5.3
220650,8.83,9.02,8.48,9.56,,9.22,10
220651,6.47,7.27,6.78,7.38,9,6.76,7.19
220652,5.97,5.63,5.48,5.71,7.35,6.44,6.8
220653,7.44,6.7,6.96,6.53,,7.15,8.81
220654,8.09,9.02,7.88,7.23,,8,7.54
220655,7.93,8.9,8.55,7.9,10,8.7,9.32
220656,7.15,7.04,6.86,7.62,4,6.59,9.11
220657,5.7,5.63,4.85,6.89,,3.81,2.7
220658,6.56,7.2,7.66,7.05,6,7.87,8.23
220659,7.38,6.63,8.18,8.19,,7.51,6.22
220660,8.33,8.17,8.63,7.64,,8.97,9.64
220661,5.34,6.45,5.42,6.61,8.85,6.24,6.33
220662,8.15,9.09,8.65,7.53,,8.34,8.34
220663,5.69,7.53,6.68,6.77,,6.11,6.23
220664,6.23,7,7.5,7,4,6.84,7.17
220665,6.12,7.04,7.52,8,9,9.33,8
220666,6.33,6.54,4.77,6.27,,5.9,6.74
220667,6.96,6.39,7.4,8.44,,7.8,8.02
220668,6.42,7.98,7.68,7.93,,7.78,7.7
220669,5.89,5.65,5.63,6.02,8,6.54,7.23
220670,5.12,5.71,5.65,2.58,4.45,2.98,6.38
220671,6.37,6.63,6.31,6.6,4,7.28,8.16
220672,9.04,9.15,9.07,9.74,,9.18,8.86
220673,7.52,8.37,8.19,8.46,,9.43,9
220674,7.07,7.9,7.67,8.28,7,8.68,9.19
220675,7.9,7.85,9.8,9.63,,9.21,9.68
220676,5.19,3.21,2.93,5.58,6.27,3.12,4.19
220677,5.63,4.6,3.65,3.39,2,3.81,2.44
220678,7.31,7.89,9.24,8.98,,9.19,8.38
220679,7.15,8.13,7.05,7.35,,7.32,6.14
220680,6.37,8.02,7.09,7.2,,7.5,6.74
220681,7.07,8.62,9,9.76,,8.49,8.38
220682,6.28,6.44,5.96,5.5,7,6.9,6.58
220683,7.04,8.27,7.75,8.31,10,8.22,9.02
220684,7.04,7.56,7.19,7.58,,7.33,8.12
220685,8,8.88,8.7,8.08,,8.74,9.21
220686,9.22,8.83,9.37,8.53,9.55,9.33,9.46
220687,9.15,9.41,9.16,8.89,,8.75,9.5
220688,7.85,8.92,9.2,8.96,9,8.49,8.96
220689,8.37,9.17,8.79,8.47,,8.05,8.52
220690,6.11,6.93,6.7,7.5,8.39,7.3,7.76
220691,,,,,,,
220692,9.07,9.77,8.49,8.57,,8.08,8.83
220693,7.58,7.63,7.57,8.4,,8.03,9.43
220694,8.19,8.74,8.04,7.19,,7.89,7.5
220695,7.48,9.15,8.31,8.88,10,,8.93
220696,6.25,5.21,6.45,5.91,8,6,6.5
220697,5.9,5.35,5.17,5.98,8.67,6.74,6.61
220698,,,,,,,
220699,7.17,8.48,8.69,9.2,,9.02,7.92
220700,4.95,4.76,1.89,3.33,2,0.78,3.1
220701,7.48,7.33,8.56,7.9,8,8.34,7.55
220702,7.5,7.35,6.6,8.48,,7.62,9
220703,6.92,7.11,6.47,6.91,,6.95,7.16
220704,5.94,5.11,4.96,6.56,7,7.11,6.53
220705,5.55,5.65,5.35,6,8,6.45,7.17
220706,5.17,5,4.72,4.53,4.62,3.54,2.2
220707,6.85,7.72,6.4,6.98,8,4.94,7.69
220708,8.19,8.5,7.34,8.38,,7.14,9.05
220709,8.07,7.44,7.71,8.64,7.5,8,8.71
220710,6.9,6.85,8.05,8.19,8.65,7.76,9.61
220711,5.2,7.17,6.16,6.67,6,5.35,6.48
220712,4.98,6.39,7.16,6.74,10,7.69,8.96
220713,6.1,6.37,8.11,7.43,7,7.41,8.81
220714,9,9.5,9.46,9.4,,9.37,9.51
220715,6.35,7.26,7.35,6.55,8,6.93,7.4
220716,6.37,9.19,7.44,6.93,,6.63,9.36
220717,7.27,8.85,9.18,9.27,,9.09,9.17
220718,8.52,8.69,9.7,9.56,,9.72,10
220719,6.09,5.8,4.19,4.47,5.95,1.56,4.58
220720,5.54,5.89,5.29,6,8,7.83,6.66
220721,6.24,7.44,7.81,9.62,,9.57,9.44
220722,6.83,7.27,8.14,8.29,,7.35,9.06
220723,6.13,6.87,6.72,8.1,9,8.24,9
220724,9.48,9.5,9.57,10,,9.83,10
220725,5.66,4.96,4.98,4.52,4,1.35,6.29
220726,5.45,6.6,6.25,7.19,,7.36,8.05
220727,6.67,7.35,7.39,7.34,9,7.76,9.15
220728,6.63,6.63,7.43,8.3,,7.61,7.89
220729,6.6,6.98,7,8.11,,8.79,7.42
220730,6.02,6.37,6.97,7.23,,7.67,6.18
220731,6.44,5.6,3.94,1.93,,0.72,1.66
220732,7.59,7.44,8.82,7.16,,8.18,9.42
220733,6,6.03,5.11,7.33,8.4,6.71,6.68
220734,5.86,5.24,4.1,6.07,10,5.55,6.57
220735,5.93,5.74,6,6.53,8,6.7,6.73
220736,6.93,7.52,7.49,8.5,,7.22,8.24
220737,7.93,8.35,7.95,9.02,,9.32,8.85
220738,5.62,3.98,3.48,5.35,6,6.83,4.83
220739,7.39,7.38,6.11,6.58,,8.25,8.38
220740,7.87,8.17,7.83,8.11,,8.53,7.5
220741,6.4,8.44,8,7.4,,6.93,9.5
220742,8.02,8.8,8.15,7.98,,8.66,9.35
220743,7.46,7.57,7.08,7.12,,7.93,7.97
220744,7.73,9.72,9.47,8.91,,8.63,9.16
220745,7.17,8.17,9.33,9.38,,9.19,8.82
220746,5.85,6.13,5.02,5.72,,4.71,6.25
220747,8.02,9.31,10,10,,10,10
220748,5.06,5.65,5.92,5.79,6,5.14,5.09
220749,6.14,4.17,5.02,4.67,2,3.49,3.97
220750,4.08,3.73,4,1.17,0,0,
220751,7.33,7.98,6.97,6.84,,7.34,8.18
220752,6.98,6.43,6.76,6.49,9.52,4.82,9.08
220753,6.5,8.12,8.46,8.25,,7.73,7.75
220754,9.25,9.57,8.95,9.28,,9.11,9.66
220755,7.85,8.91,6.92,5.72,9,6.69,5.8
220756,7.67,8.81,9,9.33,,9.57,9
220757,9.24,9.88,9.84,9.38,,8.35,9.64
220758,5.92,5.79,4.95,5.23,5.56,3.94,7.29
220759,7.8,7.93,8.82,8.15,,7.63,9.13
220760,6.75,6.51,7.33,7.83,9.55,7.39,8.91
220761,7.52,6.83,8.27,8.53,,8.81,8.21
220762,6.72,8.12,8,8.37,8,8.76,9.15
220763,5.98,5.38,5.11,7.45,7.19,6.56,6.38
220764,2.4,1.91,2.89,1.21,,0.45,0
220765,6.5,7.75,8.25,8.37,9,8.38,9.81
220766,6.19,6.53,6.5,7.08,,8.45,9.69
220767,6.59,6.15,6.6,4.94,7.5,6.48,5.93
220768,6.35,6.13,6.33,6.66,,6.52,8.37
220769,6.78,8.48,7.9,8.02,,8.71,9.09
220770,7.4,9,9.24,9.06,,9.63,9.67
220771,6.41,6.13,7.17,7.41,7,6.75,8.23
220772,5.83,6.92,6.6,6.11,,7.03,6.95
220773,5.9,6.89,7.22,8.33,9,7.63,8.33
220774,7.2,8.75,8.37,7.62,,7.25,8.48
220775,7.15,7.85,7.05,6.39,,4.93,6.75
220776,6.32,6.03,5.54,5.02,4.92,3.68,5.59
220777,5.03,6.61,5.71,5.4,,7.14,7.69
220778,6.22,8.19,8.27,9.14,,8.82,9.19
220779,9.2,9.71,10,9.62,,10,10
220780,6.02,6.15,6.26,7.49,7.5,7.86,7.66
220781,7.46,7.93,8.31,7.33,,8.19,8.97
220782,7.73,7.87,6.8,8,,8,7.53
220783,6.52,8.04,8.15,8.95,,7.14,8.5
220784,4.74,6.6,5.16,5.75,6,7.57,9.15
220785,6.17,7.59,7.43,7.54,,7.77,9.18
220786,8.23,8.61,9.78,9.03,10,8.96,8.52
220787,9.08,8.87,9.35,8.88,,8.65,9.6
220788,9.61,9.5,10,9.95,,10,9.79
220789,4.35,5.45,4.68,4.31,4.59,4.89,6.25
220790,7.85,8.62,8.07,6.48,10,6.7,6.1
220791,7.4,7.89,7.23,7.77,,8,8.96
220792,6.45,5.85,5.8,7.16,7.95,7.11,5.21
220793,7.81,8.09,8.58,9.36,,9.3,8.93
220794,7.1,6.93,6.98,6.98,,8,8.04
220795,6.65,6.13,7.79,7.3,,6.54,7.05
220796,7.5,8.31,8.73,8.57,9,8.06,9
220797,7.74,8.58,10,9.49,10,10,8.92
220798,7.62,8.22,8.41,9.09,,7.34,8.8
220799,7.29,7.15,8.34,9.39,8,8.17,9.17
220800,6.85,6.93,7.37,9.12,9,8.61,8.43
220801,7.87,8.25,8.94,8.3,9.5,9.15,8.72
220802,6.96,7.69,8.54,7.46,,4.85,6.26
220803,6.63,8.1,9.41,9.24,10,8.39,8.87
220804,5.45,5.69,3.91,5.25,5.5,4.35,4.02
220805,6.46,7.43,8.98,9.22,,8.66,9.08
220806,5.98,7.63,8.14,8.16,9,7.78,8.28
220807,6.81,7.35,7.65,5.72,8,6.75,7.58
220808,6.52,7.08,6.14,7.97,8,7.19,7.89
220809,6.39,7.42,8.88,7.63,9,6.23,7.15
220810,7.12,5.93,7.53,7.02,9,9.4,8.88
220811,7.41,7.74,9.09,8.81,10,7.43,8.68
220812,4.83,6.29,5.45,6.29,8,7.35,8.54
220813,7.44,8.3,8.58,9.2,8,8.95,8.94
220814,1.32,4.88,4.16,5.14,,1.52,5.49
220815,6.54,6.78,6.11,6.44,,4.19,4.02
220816,8.27,9.72,9.26,9.38,,9.38,10
220817,6,,4.87,4.2,6.4,5.56,6.22
220818,9.22,8.17,8.4,8.33,9,8.45,8.75
220819,8.62,7.78,8.37,6.27,8,7.89,6.75
220820,4.9,5.96,5.4,5.89,8,5.76,7.35
220821,7.48,6.57,7.2,7.05,5,6.95,6.84
220822,,,,,,,
220823,7.54,7.93,7.15,3.96,7.93,3.96,4.12
220824,5.98,5.46,6.52,5.04,5,4.81,5.93
220825,5.65,5.83,6.62,7.33,9,8.58,8.71
220826,7.11,8.08,7.47,9.09,9,8.55,8.91
220827,7.02,7.13,7.32,8.3,10,9.05,8.64
220828,5.68,5.78,5.62,6.59,,4.5,7.66
220829,6.33,6.24,7.02,8.82,,8.41,8.51
220830,9.31,9.54,9.35,9.72,,8.9,9.65
220831,5.68,5.84,4.11,5.67,6.83,4.02,3.92
220832,7.41,5.5,3.16,5.12,6.27,1.7,2.29
220833,8.17,8.08,6,8.23,9,6.73,5.71
220834,7.17,7.56,7.97,7.06,7,7.42,8.27
220835,6.38,5.65,6.2,7.39,7,8.28,7.69
220836,3.35,3.72,2.61,3.97,1.8,5.5,5.17
220837,6.22,8.98,7.89,6.25,9.55,7.38,8.4
220838,4.33,6.46,6.21,5.56,,5.39,4.19
220839,6.15,7.83,5.45,5.73,,6.43,7.36
220840,7.46,9.08,8.16,7.21,7.5,8.13,8.04
220841,5.43,6.42,4.14,3.93,,2.84,4.13
220842,5.85,7.42,7.54,6.7,8,8.82,9.56
220843,5.17,4.15,3.19,5.47,5.5,6.24,5.86
220844,7.62,7.04,7.41,8.82,9.5,9.4,9.44
220845,7.89,8.58,9.43,8.37,8,8.43,9.57
220846,7.72,8.35,9.35,8.62,,8.03,8.78
220847,8.22,9.04,7.79,7.02,,6.95,7.32
220848,5.83,6.41,7.18,6.43,,6.88,8.65
220849,6.61,6.5,6.91,6.52,,6.59,7.11
220850,6.96,8.96,8.73,8.28,,8.78,8.81
220851,6.93,9.48,9.38,9.86,10,8.48,9.18
220852,8.89,9.48,8.76,8.02,,8.24,8.98
220853,8.1,8.48,9.21,9.83,,9.13,9.33
220854,9.61,9.71,10,10,,10,10
220855,5.88,4.12,5.4,5.51,7,6.15,5.71
220856,5.93,6.65,7.02,7.4,9,8.67,8.74
220857,5.81,5.93,6,6.64,6,7.71,9
220858,6.38,7.5,6.95,7.02,,7.95,7.58
220859,7.93,8.27,7.71,6.92,9,8.57,8.35
220860,7.21,6.8,8.15,7.73,8,7.39,7.75
220861,6.02,7.63,8.02,7.78,,7.27,9.14
220862,6.67,8.3,7.25,8,10,6.86,8.04
220863,6.62,6.1,6.63,5.48,8,6.12,8.52
220864,6.98,7.41,7.48,7.27,,7.5,6.34
220865,7.42,8.04,7.93,7.54,8,8.14,8.27
220866,5.65,5.87,6.44,5.74,,5.29,8.62
220867,5.9,7,5.66,6.48,7.5,7.71,7.32
220868,6.5,5.17,4.43,6.27,8.65,6.11,6.39
220869,6.58,6.98,8.16,9.8,8,8.63,8.35
220870,3.15,6.53,1.8,3.53,6.5,2.77,2.64
220871,8.07,9.21,8.78,9.58,,8.25,8.39
220872,6.22,7.56,7.3,8.92,9.55,8.28,9.29
220873,4.94,5.57,2.5,4,5,2.58,5.54
220874,6.17,7.65,6.63,7.62,8,7.53,8.76
220875,7.35,7.5,5.45,6.28,7.8,3.06,6.12
220876,6.72,7.6,8.14,9.16,10,8.49,9.45
220877,7.17,7.65,8.19,6.86,5,6.72,6.58
220878,5.94,5.5,4.91,5.13,,2.88,6.86
220879,8.02,8.87,8.91,9.32,10,8.93,9.4
220880,6.56,6.83,7.16,7.59,10,7.83,7.52
220881,6.11,6.6,6.26,5.41,7.9,6.19,5.2
220882,6,5.77,3.75,5.32,3.6,4.58,8.6
220883,7.67,8.77,8.18,8.07,,8.3,8.48
220884,5.54,5.6,4,5.06,6.53,2.46,1.43
220885,5.25,6.22,1.57,3.72,9,0.98,4.46
220886,4.91,4.13,4.08,5.21,4.5,4.04,2.75
220887,6.9,7.7,7.23,8.57,8,8.75,8.39
220888,7.74,9.15,8.93,8.04,,7.81,8.4
220889,7.08,6.83,7.33,8,9,7.13,7.21
220890,6.91,8.85,8.84,7.73,,7.43,7.56
220891,8.25,8.02,7.81,7.98,9,8.09,8.78
220892,6.04,7.67,7.81,8.34,10,8.37,9.54
220893,5.77,7.29,6.33,6.24,8,5.53,8.17
220894,9.35,9.23,9.78,9.76,,10,10
220895,6.57,7.46,8.38,8.86,,9.09,8.97
220896,7.87,7.09,9.12,8.09,,9.51,9.44
220897,6.69,3.35,1.27,1.44,0,0,3.03
220898,8.19,8.11,5.45,7.67,9,8.6,8.39
220899,7.5,8.17,8.1,8.22,8,8.14,8.58
220900,6.13,7.94,8.26,8.14,,9.09,9.06
220901,8.17,7.09,6.66,6.71,7,6.62,7.29
220902,8.02,7.71,7.69,7.14,,8.41,9.44
220903,6.98,7.4,8.61,8.85,,9.3,8.9
220904,7.43,8.67,8.9,8.88,,8.81,9.34
220905,6.15,7.77,6.89,6.62,10,5.13,7.23
220906,5.6,7,8.27,7.73,9.31,7.79,7.03
220907,6.81,5.76,6.48,6.95,6.58,4.8,7.12
220908,6.85,7.46,7.2,8.11,7,8.21,9.42
220909,6.89,8.02,6.18,6.34,10,6.17,7.44
220910,5.88,6.94,5.95,5.74,8,6.43,5.79
220911,6.72,6.59,7.59,8.88,10,8.86,10
220912,6.5,6.17,6.27,5.66,7,5.74,6.04
220913,5.29,4.27,3.57,0,0,0.38,0
220914,5.78,6.35,6.16,5.49,7.69,5.72,6.42
220915,6.02,6.63,8.45,8.86,,9.21,9.3
220916,5.3,5.82,4.98,4.27,4.74,2.7,4.34
220917,8.54,8.27,9.65,8.43,,8.94,9
220918,4.94,5.92,4.33,4.79,6.5,4.46,
220919,8.37,9.1,8.33,8.82,9,9.37,9.7
220920,7.23,7.3,7.49,6.17,10,5.91,7.32
220921,7.63,8,6,6.68,8.35,6.6,5.62
220922,6.42,6.78,6.26,6.34,,8.24,7.15
220923,6.44,5,0,,,0,0
220924,9.46,9.83,9.42,9.02,,9.31,
220925,9.48,9,9.05,9.02,,9.82,9.47
220926,5.65,6.67,5.35,5.74,5,6.4,5.92
220927,10,10,10,10,,10,10
220928,8.46,9.19,7.6,,,,9.42
220929,7.04,7.15,7.22,8.12,9,8.33,8.85
220930,6,4.22,3.37,4.15,7.65,4.56,3.49
220931,6.62,6.17,6.07,7.18,,7.32,7.05
220932,4.41,5.54,6.16,4.69,,0,0
220933,7.17,7.46,7.33,7.96,9,8.67,8.83
220934,6.65,7.17,6.95,6.9,9.47,6,8.82
220935,6.92,5.69,5.31,5.14,7,5.12,3.89
220936,6.43,8.38,8.09,7.84,10,7.47,8.64
220937,9.48,9.27,10,9.05,,9,9.4
220938,6.07,5.4,4.81,4.36,6.24,5.56,7.06
220939,7.78,8.15,8.65,8.18,9.1,8.44,9.44
220940,7.29,7.98,6.72,6.12,,5.75,6.56
220941,7.65,8.13,7.9,8.09,,8.61,8.34
220942,7.73,8.61,8.33,8.26,,7.91,8.03
220943,6.78,7.94,6.91,6.49,,6.86,7.42
220944,9.12,9.04,9.67,9.82,,9.86,10
220945,7.83,7.54,6.48,5,,0.78,0
220946,5.61,6.2,5.39,4.25,4.29,2.13,3.41
220947,9.08,8.98,9.78,9.48,,9.83,9.71
220948,5.05,5.54,5.54,6.19,8.5,7.3,8.48
220949,6.29,5.54,6.23,6.11,7.5,5.87,6.88
220950,7.59,7.17,7.12,7.07,,7.49,8.17
220951,10,6,2.97,2.76,4,3.02,3.05
220952,7.15,7.69,8.25,8.08,8,7.29,7.75
220953,7.35,6.87,6.4,6.42,,7.22,7.13
220954,7.89,7.69,9.9,8.97,,9.3,9.42
220955,6.81,7.87,6.98,7.28,,6.27,6.52
220956,7.57,7.85,7.79,7.15,,8.18,8.76
220957,6.5,6.39,6.73,7.55,7,7.23,7.32
220958,6.57,7.27,6.8,7.8,,6.93,7.77
220959,6.33,4.88,4.48,2.88,8,4.31,1.07
220960,6.37,6.87,7.82,6.68,,6,8.52
220961,6.96,8.08,9,9.17,,8.57,8.54
220962,7.04,6.35,7.36,6.79,6,7.22,7.31
220963,9.24,9.48,9.42,8.98,9.55,,9
220964,6.52,8,7.85,7.74,9.1,7,8.25
220965,8.59,8.69,7.8,9.44,,8.59,7.53
220966,6.08,4.9,5.4,4.76,4,3.63,5.2
220967,7.79,8.7,7.97,8.8,9,8.65,9.81
220968,7.17,6.5,7.72,7.89,,8.02,7.45
220969,7.63,7.72,7.19,7.25,9,6.89,7.9
220970,8.15,9.12,9.22,8.9,9,9.09,9.48
220971,7.13,8.1,8.89,7.91,7,7.68,8.49
220972,6.54,8.02,7.6,7.54,,6.72,8.7
220973,6.45,7.63,6.05,7.64,8,7.42,8.14
220974,7.37,7.28,6.19,7.23,,7.34,6.17
220975,6.39,4.57,5,5.66,0,1.9,2.18
220976,5.37,7.35,6.95,8.45,10,7,8.97
220977,6.11,7.5,8.18,8.1,9,8.02,8.26
220978,7.94,8.33,8.28,9.08,,7.3,7.84
220979,5.52,5.22,4.67,5.71,5,4.88,5.15
220980,,,,,,,
220981,6.67,5.7,6.94,7.28,7.55,6.11,7.19
220982,6.92,7.15,7.14,6.04,9,7.22,9
220983,8.4,7.37,7.45,7.06,6,6.47,7.66
220984,6.25,6.96,6.83,6.56,6.5,7.38,7.27
220985,7.59,6.81,6.69,6.19,,5.25,7.41
220986,6.52,7.46,8.36,9.18,,8.24,8.13
220987,6.76,8,7.51,7.56,7,7.78,8
220988,6.44,5.83,5.8,4.67,6.4,4.16,7.18
220989,7.02,5.07,5.49,6.33,7,4.48,7.34
220990,6.17,6.3,6.92,6.78,7.5,6.52,8.6
220991,7.35,7.48,8.18,7.89,10,8.67,8.5
220992,6.87,7.98,6.54,7.42,,7.98,7.63
220993,5.83,4.87,4.36,5.38,8.65,7.67,8.26
220994,6.42,8.11,8.2,7.34,9.45,7.94,9.06
220995,8.15,9.42,9.67,9.15,,8.82,9.71
220996,,6.83,5.88,7.72,9,6.92,6.1
220997,8.37,8.63,9.02,9.43,,8.58,8.92
220998,5.63,7.79,8.69,8.81,9,8.88,8.67
220999,6.11,5.33,5.44,7.05,9,6.7,8.55
221000,8.19,8.22,6,6.31,,5.27,5.02
221001,7.91,8.58,8.21,9.38,,8.97,9.67
221002,7.59,8.17,7.98,7.9,,9.22,9.63
221003,5.38,5.29,4.85,7.07,6.45,4.34,7.45
221004,7.77,8.41,9.08,8.09,,9.33,9.63
221005,6.63,7.38,6.6,6.41,9,6.16,6.6
221006,6.74,6.83,6.89,6.98,,5.95,5.44
221007,7.89,9.65,9.67,8.96,,8.82,9.58
221008,6.41,6.33,7.39,6.48,7.9,7.73,8.22
221009,6.93,7.06,5.9,7.33,10,7.49,8.38
221010,6.79,6.41,7.68,8.69,,8.84,8.11
221011,5.67,4.93,4.87,5.57,,1.45,3.5
221012,5.3,6.49,5.75,4.58,6,5.03,5.93
221013,7.31,5.97,5.42,6.73,9.33,8,8.44
221014,7.83,7.75,8.04,7.76,,8.68,7.25
221015,6.08,6.25,4.67,6.09,8,5.64,7.48
221016,6.83,6.72,7.86,7.59,10,7.08,8.29
221017,6.79,7.2,7.81,7.78,,8.59,9.43
221018,6.09,7.65,8.31,8.19,,8.47,8.14
221019,6.76,6.29,6.55,6.16,,5.83,6.12
221020,6.24,6.85,6,4.69,,5.07,5.75
221021,9.07,9.42,10,9.64,9,9.22,9.85
221022,6.98,6.87,7.65,7.61,,7.58,8.21
221023,7.59,6.85,8.57,8.13,10,9.17,8.86
221024,7.04,7.27,8.56,6.16,,3.56,3.69
221025,5.7,7.04,7.04,7.07,,6.65,9.19
221026,6.33,3.57,0.69,2.43,0,0,0
221027,6.46,7.17,6.19,7.98,8.55,7.92,9.12
221028,8.38,8.63,8.94,9.08,9,9.59,9.42
221029,7.48,8.87,6.85,6.95,9,6.68,7.82
221030,6.35,6.26,6.69,7.26,,5.7,7.7
221031,7.08,6.72,8.22,8.79,10,8.37,8.57
221032,8.6,8,8.05,7.21,,8.26,8.38
221033,5.63,5.13,5.2,5.5,0,2.04,0.83
221034,6.88,7.15,6.21,7.46,10,7.55,7.58
221035,8.78,9.25,9.88,9.52,,9.43,9.68
221036,8.17,9.07,9.55,9.61,,9.38,8.69
221037,7.83,8.75,7.7,7.81,,5.79,5.71
221038,8.15,9.27,8.35,9.07,,8.37,
221039,2.15,5.43,5.44,5.32,6,4.9,4.13
221040,7.4,7.85,8.27,7.91,,8.18,9.42
221041,6.5,6.02,6.23,5.65,10,7.43,7.98
221042,7.74,8.04,8.32,7.15,,8.68,9.27
221043,8.63,8.12,6.2,7.04,7,6.15,5.48
221044,6.53,7.19,7.55,5.15,5,5.98,5.96
221045,6.26,8.37,8.86,9.76,9,9.82,9.17
221046,5.06,6.77,7.23,5.21,8,4.5,8.02
221047,4.67,4.82,2.86,5.77,6,7.65,5.95
221048,7.75,8.72,8.75,9.22,,7.65,7.85
221049,6.12,5.39,3.83,6.3,9,4.43,5.12
221050,6.96,6.2,8.71,7.66,7,7.32,8.05
221051,7.07,7.69,3.95,6.25,8.1,4.76,5.15
221052,6.21,6.78,5.52,5.58,8.67,7.04,7.28
221053,5.46,5.79,3.87,4.53,7,1.42,4.2
221054,6.59,7.07,6.79,6.9,8,6.98,6.67
221055,6.96,6.09,6.98,8.43,9.1,5.39,8.98
221056,7.7,7.33,6.5,5.59,7,1.29,0.94
221057,8.63,7.83,7.82,9.45,,7.78,8.5
221058,5.83,6,5.4,6.58,,8.14,8.15
221059,4.36,5.7,5.46,5.9,8.38,6.39,5.62
221060,8.56,8.8,8.27,8.51,,9,10
221061,6.63,6.28,5.81,4.65,7,5.9,4.61
221062,7.72,7.46,7.24,7.34,,5.95,8.38
221063,7.59,8.96,9.44,9.84,,9.5,9.85
221064,4.3,5.36,3.08,5.57,2.2,2.78,0.59
221065,7.85,7.85,9.55,8.85,,9.22,8.81
221066,8.13,8.65,9.08,,,7.93,9.32
221067,7.17,8.73,8.5,9.29,9,9.83,9.8
221068,7.33,7.44,8.51,8.59,,7.87,8.12
221069,5.86,6.81,5.93,6.55,8.5,8.27,7.9
221070,8.26,8.08,8.63,8.93,10,8.85,9.16
221071,7,6.04,6.92,6.8,9.5,7.05,7.94
221072,6.23,7.54,8.3,8.97,,7.59,8.47
221073,7.2,6.09,6.02,7.02,8.95,6.44,8.83
221074,6.59,7.94,6.04,6.52,7,6.5,6.96
221075,5.5,7.54,7.77,6.44,,5.22,8.77
221076,7.48,7.26,6.68,6.96,,8.86,9.56
221077,7.06,7.33,7.95,8.78,,8.78,9.12
221078,7.87,7.72,8.07,8.28,,9.09,8.2
221079,9.13,9.07,8.71,9.26,9,8.61,9.66
221080,6.04,5.71,2.71,3.18,0,1.16,1.31
221081,5.48,5.33,5.71,4.46,6.35,6.37,5.68
221082,5.2,6.9,4.52,5.61,6.45,4.62,4.68
221083,7.56,8.02,7.45,7.95,,7.93,8.3
221084,7.13,8.15,7.21,6.98,9,6.29,7.58
221085,7.89,7.81,9.45,8.61,8,8.84,9.81
221086,9.35,9.19,9.25,9.21,,9.62,9.49
221087,5.83,7.04,6.21,7.62,9,7.5,8.81
221088,7.65,9,8.71,8.68,9,8.27,9.2
221089,9.71,9.74,9.79,9.81,,9.43,9.83
221090,5.88,5.85,5,6.44,10,6.96,7.66
221091,4.29,3.38,2.7,0.62,5.35,2.63,5.19
221092,7.23,7.07,6.68,6.65,8,6.77,7.46
221093,9.04,9.83,8.86,8.59,9,9.33,9.47
221094,6.26,7.29,8.5,8.33,7,6.89,8
221095,7.92,9.26,8.71,8.78,10,9,9.58
221096,5.29,4.07,3.77,6.31,6.81,6.2,5.84
221097,7.96,8.08,7.93,7.08,,7.32,7.68
221098,6.15,6.42,7.32,7.16,,6.28,7.82
221099,7.83,8.35,8.4,8.37,,7.85,7.88
221100,6.58,6.43,7.34,7.43,7,7.67,7.88
221101,5.91,6.23,3.69,6.42,5.95,6.14,6.38
221102,7.04,7.46,8.3,6.75,8,8.27,8.21
221103,6.26,4.9,6.8,6.78,8.35,7.42,7.9
221104,6.54,,8.45,8.25,10,8.84,8.17
221105,7.96,7.79,8.6,8.55,,8.75,8.89
221106,6.23,4.88,5.72,3.54,4.5,5.33,3.29
221107,4.78,4.95,5.12,5.67,6.5,4.74,6.17
221108,5.61,6.75,8.29,8.37,8.55,7.71,8.35
221109,5.59,5.91,5.62,4.95,7,4.31,4.17
221110,6.5,6.11,7.66,7.56,,9,9
221111,9.11,8.75,9.54,9.04,,9.71,9.66
221112,5.62,3.76,2.88,3.64,5,2.7,3.33
221113,8.23,8.43,7.68,8.83,9,8.8,6.68
221114,6.22,7.56,6.72,8.05,,6.96,8.23
221115,7.12,7.61,7.51,7.91,,8.21,9.12
221116,5.86,5.88,7,5.97,6.9,6.06,8.07
221117,8.72,8.27,9.61,9.77,,9.55,9.17
221118,7.33,8.29,8.29,8.41,9,8.07,8.85
221119,6.65,5.45,6.49,6.75,7,6.65,7.19
221120,9.24,9.4,9.64,9.49,,9.18,10
221121,6.63,8.15,7.74,6.98,,7.11,7.27
221122,8.54,8.6,9.22,8.43,9,9.22,9.18
221123,7.52,8.21,7,7.66,,7.55,8.83
221124,5,5.94,1.51,4.3,2,2.14,3.63
221125,8.06,8.26,7.86,8.32,,7.47,9.38
221126,9.22,9,8.72,8.82,,8.43,8.56
221127,5.88,5.35,4.44,5.49,8,6.48,6.13
221128,7.24,9.37,8.51,8.4,,8,7.88
221129,7,9.17,8.19,8.1,,7.32,7.86
221130,8.54,9.04,9.88,8.98,,8.62,8.92
221131,9.37,9.4,8.86,9.23,,9.22,9.5
221132,5.36,6.2,5.44,5.58,6.5,6.72,6.92
221133,7.42,7.26,6.17,7.42,9,7.23,7.57
221134,6.2,5.48,5.98,6.28,8,7.18,7.31
221135,6.94,7.69,6.17,5.55,,4.59,7.05
221136,6.85,6.46,8.15,8.76,8.5,8.17,9.11
221137,5.68,6.74,5.67,4.29,2,0,1.53
221138,4.1,5,2.91,4.97,6.88,5,6.68
221139,,,,,,,
221140,6.41,7.46,9.24,8.81,,9.02,9.09
221141,5.29,7.4,6.85,6.97,,8.05,8.61
221142,7.8,9.08,9.43,8.69,10,8.78,8.81
221143,5.85,5.5,4.88,1.38,,0,4
221144,7.8,8.69,9.1,8.56,8,9.63,9.47
221145,6.8,8.35,5.72,7.61,,7.9,8.51
221146,9.17,9.06,9.71,9.38,,9.33,9.13
221147,6.83,6.22,6.48,7.73,9.5,8.86,8.25
221148,7.15,7.12,5.57,6.21,9.5,7.95,6.79
221149,7.57,8.56,8.25,7.91,6,7.03,8.74
221150,6.13,6.96,6.82,6.82,7,6.47,7.6
221151,6.26,6.96,7.19,7.87,9,8.67,9.29
221152,9.11,8.9,9.55,8.67,,8.19,8.38
221153,6.79,7.26,7.04,6.07,8.25,7.73,6.49
221154,6.63,6.22,7.32,7.94,,7.14,7.75
221155,3.88,1.65,0,,,0,
221156,8.58,9.35,7.73,9.83,,9.17,9.28
221157,8.3,7.96,8.8,9.46,10,8.85,9.4
221158,5.95,4.26,4.33,4.22,4,4.65,5.23
221159,8.17,8.54,9.12,8.57,,9.4,9.62
221160,7.22,7.54,8,9.22,,9.33,9.57
221161,5.91,7.21,6.57,8.25,,8.1,8.32
221162,8.65,8.08,9.88,9.38,10,8.63,9.56
221163,4.04,5.48,0.43,1.71,,0,0
221164,7.27,6.38,6.32,5.81,7.05,6.91,6.81
221165,7.65,6.57,6.24,6.17,,6.27,6.58
221166,7.74,8.6,6.92,7.91,,7.64,8.8
221167,6.02,5.14,5.68,5.82,7,5.4,6.42
221168,6.39,5.45,6.24,7.5,9,7.65,7.88
221169,5.7,7.21,8.65,8.67,,7,9.24
221170,6.29,6.43,6,7,9.12,8.27,6.94
221171,5.69,5.48,7.43,8.04,10,7.39,7.98
221172,7.02,7.92,7.41,7.33,,7.37,8.48
221173,8.43,8.33,6.88,8.52,,7.74,7.81
221174,5.44,5.54,6.07,5.59,9.1,5.7,7.05
221175,6.54,6.21,5.86,6,8,6.93,7.84
221176,7.39,7.13,6.6,8.27,9,7.45,8.19
221177,6.22,8.42,7.21,5.81,6.75,6.94,6.79
221178,5.83,7.06,4.04,5.54,,6.73,6.68
221179,8.02,8.5,8.14,9.58,,9.52,10
221180,7.87,8.6,8.57,8.48,7,9.02,9.63
221181,6.52,7.21,7.2,8.04,8,7.8,7.57
221182,8.3,9.29,9.39,9.38,9,9.25,9.03
221183,6.07,6.9,5.6,5.89,,5.9,6.42
221184,7.7,7.85,6.88,9.09,9.5,9.02,8.55
221185,5.2,6.62,6.57,6.7,,7.11,7.02
221186,5.95,5.41,3.21,6.19,4,4.2,6.57
221187,5.71,5.07,4.81,5.45,6.33,4.69,2.04
221188,8.33,9.35,9.26,9.28,10,7.9,9.84
221189,6.1,5.46,6.56,5.64,9.5,6.35,8.4
221190,6.17,6.77,6.48,8.02,10,7.86,8.86
221191,9.25,9.35,9.1,9.38,,9.83,9.81
221192,6.47,6.9,6.81,6.68,7.47,6.06,4
221193,6.24,7.46,8.32,7.4,,7.06,7.8
221194,7.5,7.06,5.22,3.79,2.2,4.34,5.31
221195,6.96,7.17,5.14,5.5,,4.84,5.62
221196,7.17,7.63,5.68,6.58,9.53,5.45,7.24
221197,7.17,7.54,7.02,4.33,10,6.54,6.42
221198,8.63,8.81,8.71,8.89,,9.07,9.55
221199,7.52,8.27,7.07,6.24,,7.91,7.27
221200,7.5,7.87,8.26,7.5,,9.1,8.73
221201,5.78,8.42,7.09,7.75,8,6.63,7.83
221202,7.46,7.96,7.87,8.33,,7.22,7.12
221203,5.57,6.98,4.46,7,6,6.74,6.64
221204,5.67,6.07,2.72,4.19,2.2,1.43,0
221205,5.79,5.71,5.2,5.43,4.56,5,5.31
221206,6.85,5.72,7.49,7.9,,8.89,8
221207,6.46,7.31,6.22,7.61,10,7.71,6.75
221208,7.13,6.87,5.96,6.43,7,6.97,8.08
221209,7.96,8.33,8.23,7.35,,7.06,7.35
221210,6.46,6.35,6.14,6.69,,7.23,7.92
221211,6.79,6.9,7.29,7.53,8,6.22,7.67
221212,9.72,9.33,9.26,9.81,,9.63,9.5
221213,5.75,4.72,3.25,3.84,4.9,4.06,7.02
221214,8.29,9.61,9.56,8.65,,8.63,9.71
221215,6.48,7.79,7.05,7.9,,6.02,8.29
221216,8.85,8.9,8.19,8.27,,9.07,9.47
221217,7.04,7.23,7.38,7.73,8,8.67,8.25
221218,7.31,7.41,8.37,6.98,,7.42,7.5
221219,,,,,,,
221220,5.16,2.42,3.05,4.7,5,3.86,2.85
221221,6.4,6.98,7.6,8.19,,7.75,8.33
221222,6.2,7.73,8.14,8.25,,7.07,8.53
221223,8.87,8.96,8.91,8.84,,8.62,8
221224,3.74,4.8,1.86,4,0,1.54,2.8
221225,8.02,8.48,8.4,8.47,,8.56,7.54
221226,5.54,5.95,5.96,7.93,10,7.78,8.07
221227,6.94,7.46,7.56,7.72,,7.5,8.72
221228,5.69,6.11,5.82,6.57,,4.84,6.54
221229,6.33,5.17,6.3,3.85,0,7.5,6.23
221230,6.13,6.67,6.81,7.02,8.65,7.36,7.25
221231,5.78,7.6,8.43,7.29,9.45,7.31,8.14
221232,7.52,8.38,8.25,8.14,,7.23,7.12
221233,6.17,7.13,7.25,6.62,9,6.95,8.4
221234,6.87,7.74,7.02,7.14,8,8.52,7.08
221235,5.71,5.55,5.78,6.28,8,5.9,7.2
221236,6.42,6.73,7.65,8.63,8,8.88,9.37
221237,6.39,6.83,5.96,6.91,8,7.17,7.76
221238,9.09,9.44,9,8.34,,8.22,9.37